Nama Cabang,Provinsi
AGNNHM,Jawa Timur
ANNNBC,Jawa Barat
ANVIKY,Jawa Tengah
ARWSQV,DKI Jakarta
ASVAQS,Sulawesi Selatan
BAXOTS,Banten
BFNTLT,Jawa Timur
BGKGGQ,Jawa Barat
BIUDGZ,Gorontalo
BKXGGU,Jawa Timur
BLEZQW,Jawa Tengah
BLVVFK,Jawa Barat
BMMJAU,Jawa Timur
BOKAFX,Jawa Timur
BUCHBK,Jawa Barat
BWQMWY,Banten
BWSDCL,Jawa Timur
CAQVLQ,Jawa Barat
CJJXET,Jawa Timur
CLIHON,Jawa Tengah
CMTQMU,Jawa Barat
CNFBJM,Jawa Barat
CSOMGN,Jawa Barat
CXRBWO,Jawa Barat
DEEDKY,Jawa Barat
DEGYUZ,Jawa Barat
DEMUFC,Jawa Timur
DQJAZN,Jawa Timur
DTGQVP,Jawa Timur
DTTXAK,Banten
EBMMBG,Jawa Timur
EBPNTK,Kalimantan Tengah
EEDBDB,Jawa Barat
EEMATH,Daerah Istimewa Yogyakarta
EFVNJZ,Jawa Timur
EHMFLS,Kalimantan Selatan
EIRSDX,Jawa Timur
EJBHRR,Jawa Timur
ELLVOC,Gorontalo
ELMOHJ,Jawa Barat
ENTWVR,DKI Jakarta
EQQLTF,Sulawesi Utara
ESKCEG,Sulawesi Selatan
EURRTA,DKI Jakarta
EWJTQZ,Jawa Tengah
EXTIXV,DKI Jakarta
FAWHSM,Jawa Barat
FCRHSZ,Jawa Barat
FDPZDK,Jawa Barat
FGSXUF,Jawa Barat
FJFOXN,Jawa Tengah
FJTDPL,Jawa Timur
FNLVVA,Jawa Tengah
FQLQFV,Daerah Istimewa Yogyakarta
FVEJAD,Jawa Barat
FZOUXP,Jawa Timur
GAINWS,Sulawesi Selatan
GFASTO,Sulawesi Selatan
GLKGVU,Jawa Tengah
GMGSAX,Jawa Barat
GOAUUK,Jawa Barat
GOTSXV,Banten
GPMLBX,DKI Jakarta
GPNXOH,Jawa Tengah
GPZKZZ,Jawa Barat
GRUVVL,DKI Jakarta
GYGDBN,Jawa Barat
GYVXHV,Jawa Tengah
GZDKRJ,Banten
HGXQRM,Kalimantan Tengah
HIZAKD,Jawa Timur
HLCMCQ,Jawa Timur
HLVFNT,Sulawesi Selatan
HLVIMA,Sulawesi Tenggara
HMSPVS,Jawa Barat
HMTPBE,Jawa Barat
HNCTAZ,Jawa Tengah
HOGPNE,Jawa Timur
HPBCMY,Jawa Tengah
HPIUDM,Sulawesi Selatan
HPLWKS,Jawa Tengah
HQAZVF,Jawa Barat
HRYZRR,DKI Jakarta
HSHFVZ,Jawa Barat
HYTXEY,DKI Jakarta
HZERZV,Jawa Timur
IAZNIA,Jawa Barat
ICUXXM,Jawa Barat
IGQPIG,Banten
IMISWK,Jawa Barat
IMXJFT,Kalimantan Timur
IPMWHL,Jawa Barat
IQTIGE,Kalimantan Barat
ISPEZN,Kalimantan Selatan
IXSWCA,Jawa Timur
IYMXAP,DKI Jakarta
IYVBYM,Jawa Barat
IZYECE,Jawa Barat
JGGMML,Jawa Barat
JKEDGJ,Jawa Tengah
JLQEBR,Jawa Barat
JNZYHZ,Jawa barat
JPOINS,Jawa Barat
JPRGVD,Jawa Barat
JSJPVC,Jawa Tengah
JSNDUS,Jawa Tengah
JVQORR,Jawa Tengah
JVYLOT,Jawa Tengah
JWJTLL,Sulawesi Selatan
JWUJGA,Kalimantan Timur
JWWBVY,DKI Jakarta
KABGUB,DKI Jakarta
KAZNMJ,Jawa Timur
KCCBZY,Banten
KHJHLH,Kalimantan Selatan
KHZQGE,Jawa Barat
KJNDLN,Jawa Barat
KJXGBJ,Jawa Tengah
KKLPPK,DKI Jakarta
KLXQOJ,Sulawesi Tengah
KQGWSE,Kalimantan Selatan
KRBDUR,Daerah Istimewa Yogyakarta
KVFGBA,Jawa Tengah
LCOSVQ,Jawa Tengah
LDFANO,Jawa Timur
LGIXGP,Jawa Timur
LGZIWN,Jawa Barat
LHDSGM,Banten
LIAGZS,Kalimantan Timur
LJBXAG,Jawa Timur
LLAUUM,Jawa Timur
LOCJIC,Kalimantan Timur
LORNOA,DKI Jakarta
LQFYFV,Jawa Timur
LSNHJV,Jawa Barat
LVZNFM,Jawa Timur
LYYTLB,Banten
MDDRXI,Kalimantan Timur
MEMPNM,Jawa Timur
MJXROF,Jawa Tengah
MNKNDT,Jawa Barat
MOZUUP,Jawa Timur
MPHOQB,Jawa Tengah
MUGJRG,Jawa Barat
MUSNOF,Jawa Timur
MWMNFW,Jawa Barat
MWVSUV,Jawa Tengah
MYSMTL,Kalimantan Selatan
NIMEFS,Jawa Barat
NOIHPO,Jawa Timur
NOKHBF,Jawa Timur
NQQIOU,Jawa Timur
NQQXEJ,Sulawesi Utara
NSVBLL,Kalimantan Tengah
NUDPBK,Jawa Tengah
NYKHXD,Jawa Barat
NYWDTC,Jawa Tengah
NZLVNV,Jawa Tengah
OCKICK,Jawa Tengah
OCSBWI,Sulawesi Selatan
OIXFIM,Jawa Timur
OJWADS,DKI Jakarta
OKUGJF,Jawa Timur
OMFVGU,Jawa Timur
OMTJBI,Jawa Tengah
ONWDSV,DKI Jakarta
OOHVHF,Sulawesi Selatan
OQMQEU,Banten
OTIKVS,Sulawesi Selatan
OVAYUH,Jawa Barat
PADPGU,Jawa Barat
PBQKON,Jawa Timur
PCRRQW,Banten
PESJDJ,DKI Jakarta
PHRLIL,Jawa Timur
PIKBZU,Jawa Timur
PJDGNU,Jawa Timur
PJLZUL,DKI Jakarta
PKVAXK,Jawa Barat
PKXAYH,Jawa Barat
PLIJTM,Jawa Barat
PPTZDF,Jawa Barat
PRMUZR,Jawa Barat
PSQLIA,Jawa Tengah
PTDGOT,Jawa Barat
PWIFGG,Jawa Timur
PZIKSS,Jawa Barat
QDCVFP,Jawa Timur
QGNNCZ,Jawa Tengah
QLHLFT,Jawa Timur
QLLAZN,Jawa Barat
QMJJNX,DKI Jakarta
QRPTOD,Kalimantan Timur
QTVKJD,Kalimantan Timur
QVGMEI,Jawa Timur
RAUIXW,Sulawesi Selatan
RAZLXF,Jawa Tengah
RIOHBM,Jawa Timur
RKUYGP,Jawa Barat
RLQHXD,Sulawesi Selatan
RNYSZL,Jawa Tengah
RQXKOD,Jawa Timur
RTENQF,Jawa Timur
RVFOGC,Jawa Barat
SAFMRF,Jawa Barat
SCTJZC,DKI Jakarta
SHDYXV,Jawa Barat
SKERFW,DKI Jakarta
SLTRRE,Jawa Barat
SPDDNX,Jawa Barat
SVDBKZ,DKI Jakarta
SVSSDV,Daerah Istimewa Yogyakarta
SWHPIF,DKI Jakarta
TBKKZV,Jawa Tengah
TDULAD,Jawa Timur
TGYDJZ,Jawa Tengah
TJUSDM,Jawa Tengah
TMKDQO,Jawa Timur
TMLQGV,Jawa Barat
TMPRVR,Daerah Istimewa Yogyakarta
TPZTGS,Jawa Barat
TSVNZE,Sulawesi Selatan
TTPQFW,Kalimantan Timur
TYQZGL,DKI Jakarta
UDABOK,Jawa Tengah
UGJCID,Jawa Barat
UGLUKN,Jawa Barat
UGUPLO,Jawa Barat
UIRZYR,Jawa Tengah
UJLEHR,Jawa Timur
UMWPJD,Banten
UMWUZW,Jawa Barat
UPJCIK,Jawa Tengah
UQMFBT,Jawa Barat
UROTOU,Jawa Timur
UTGJQM,Jawa Timur
UUHWJH,Kalimantan tengah
VBTJYI,Jawa Timur
VFNRKQ,Jawa Barat
VGAVBT,Jawa Timur
VGLUPW,Jawa Barat
VGXQFC,Banten
VHFFZB,Jawa Barat
VKEYUJ,DKI Jakarta
VLRFHP,Jawa Tengah
VNKOVQ,Banten
VWGTME,Banten
VYJUMN,Jawa Timur
WCRDKB,Banten
WCVMJW,Jawa Barat
WDLFZO,Jawa Barat
WEYVVN,Banten
WGHPJP,Sulawesi Barat
WJQCIU,DKI Jakarta
WKPTCI,Jawa Barat
WMIEIZ,Kalimantan barat
WNDGXY,Jawa Barat
WRHWDY,Banten
WRWQGU,DKI Jakarta
WUNRJL,Jawa Barat
WUOPGM,Jawa Timur
XAYLWD,Jawa Barat
XGSMCB,Banten
XJQBVV,DKI Jakarta
XLZXXM,Jawa Timur
XSKYFT,Jawa Timur
XTVRFC,Banten
XVIMAP,Banten
YACJBN,Jawa Tengah
YCDKIA,Jawa Barat
YGSXLJ,Kalimantan Selatan
YHTGVA,Jawa Barat
YLESDH,Jawa Timur
YMCANV,DKI Jakarta
YMHCUK,Daerah Istimewa Yogyakarta
YMHHOR,Sulawesi Selatan
YNZKZS,Banten
YOYSOL,Jawa Barat
YSBLEA,DKI Jakarta
YWRHIB,Sulawesi Selatan
YYFEWX,Jawa Timur
ZDNAFI,Jawa Tengah
ZGRFIU,Jawa Timur
ZLSSTS,Daerah Istimewa Yogyakarta
ZSXZEJ,Jawa Tengah
ZVAEJE,Jawa Barat
ZVMCFE,Jawa Barat
ZWLJZZ,Jawa Barat
ZZKWSD,Jawa Tengah
PASSLA,Jawa Timur
JOGCOL,Jawa tengah
NON-AKTIF,Jawa Barat
MADSAL,Jawa Timur
SOLCOL,
JAKKEB,DKI Jakarta
SURTUN,Jawa Timur
JAKKER,DKI Jakarta
BKSPON,Jawa Barat
NON-AKTIF,Jawa Barat
MAKSUM,Sulawesi Selatan
GRTPRA,Jawa Barat
JAKSAT,DKI Jakarta
CKGUTA,DKI Jakarta
TNATHA,DKI Jakarta
CPTCIR,Banten
MNDMEG,Sulawesi Utara
DCTJPKIR,DKI Jakarta
DCSRYAD,Kalimantan Barat
RMMK1,Jawa Timur
PRDMK1,Jawa Timur
WHMK1,Jawa Timur
DCSDALIN,Jawa Timur
DCKDILIN,Sulawesi Tenggara
DCMNDMAR,Sulawesi utara
RMCK1,Jawa Timur
PRDCK1,Jawa Timur
WHCK1,Jawa Timur
RMSULFAT,Jawa Timur
PRDSULFAT,Jawa Timur
EQSULFAT,Jawa Timur
RMCK2,Jawa timur
PRDCK2,Jawa Timur
WHCK2,Jawa Timur
EQSINGO,Jawa Timur
RMCK3,Jawa Barat
PRDCK3,Jawa Barat
WHCK3,Jawa Barat
MBS-CK,Bali
BALI1,Bali
BALI2,Bali
BALI3,Bali
BALI4,Bali
BALI5,Bali
BALI6,Bali
BALI7,Bali
BALI8,Bali
BALI9,Bali
BALI10,Bali
BALI11,Bali
BALI12,Bali
BACAN,Bali
BAKED,Bali
MEDAN1,Sumatera Utara
BANEG,Bali
BAGIN,Bali
MEDKAR,Sumatera Utara
MEDMON,Sumatera Utara
MEDMAR,Sumatera Utara
PALDAH,Sumatera Selatan
PEKPAN,Riau
PPnA-CK,Jawa Tengah
SLT,Jawa Tengah
PKL,Jawa Tengah
PKLIMA,Jawa Tengah
SUKUN,Jawa Timur
DIENG,Jawa Timur
POKANG,Jawa Timur
DMC,Jawa Timur
BMI,Jawa Timur
PER,Jawa Timur
IT,Jawa Timur
